<?xml version="1.0" encoding="UTF-8"?>
<!DOCTYPE mapper PUBLIC "-//mybatis.org//DTD Mapper 3.0//EN" "http://mybatis.org/dtd/mybatis-3-mapper.dtd">
<mapper namespace="com.dao.SysuserMapper">
  <resultMap id="BaseResultMap" type="com.entity.Sysuser">
    <id column="uid" jdbcType="INTEGER" property="uid" />
    <result column="uname" jdbcType="VARCHAR" property="uname" />
    <result column="sex" jdbcType="VARCHAR" property="sex" />
    <result column="address" jdbcType="VARCHAR" property="address" />
    <result column="pwd" jdbcType="VARCHAR" property="pwd" />
    <result column="utype" jdbcType="VARCHAR" property="utype" />
    <result column="tel" jdbcType="VARCHAR" property="tel" />
    <result column="age" jdbcType="VARCHAR" property="age" />
    <result column="mbanswer" jdbcType="VARCHAR" property="mbanswer" />
    <result column="question" jdbcType="VARCHAR" property="question" />
    <result column="email" jdbcType="VARCHAR" property="email" />
    <result column="pubtime" jdbcType="VARCHAR" property="pubtime" />
    <result column="tname" jdbcType="VARCHAR" property="tname" />
    <result column="isdel" jdbcType="VARCHAR" property="isdel" />
  </resultMap>
  <sql id="Base_Column_List">
    uid, uname, sex, address, pwd, utype, tel, age, mbanswer, question, email, pubtime, 
    tname, isdel
  </sql>
  <select id="selectByPrimaryKey" parameterType="java.lang.Integer" resultMap="BaseResultMap">
    select 
    <include refid="Base_Column_List" />
    from sysuser
    where uid = #{uid,jdbcType=INTEGER}
  </select>
  <delete id="deleteByPrimaryKey" parameterType="java.lang.Integer">
    delete from sysuser
    where uid = #{uid,jdbcType=INTEGER}
  </delete>
  <insert id="insert" parameterType="com.entity.Sysuser">
    insert into sysuser (uid, uname, sex, 
      address, pwd, utype, 
      tel, age, mbanswer, 
      question, email, pubtime, 
      tname, isdel)
    values (#{uid,jdbcType=INTEGER}, #{uname,jdbcType=VARCHAR}, #{sex,jdbcType=VARCHAR}, 
      #{address,jdbcType=VARCHAR}, #{pwd,jdbcType=VARCHAR}, #{utype,jdbcType=VARCHAR}, 
      #{tel,jdbcType=VARCHAR}, #{age,jdbcType=VARCHAR}, #{mbanswer,jdbcType=VARCHAR}, 
      #{question,jdbcType=VARCHAR}, #{email,jdbcType=VARCHAR}, #{pubtime,jdbcType=VARCHAR}, 
      #{tname,jdbcType=VARCHAR}, #{isdel,jdbcType=VARCHAR})
  </insert>
  <insert id="insertSelective" parameterType="com.entity.Sysuser">
    insert into sysuser
    <trim prefix="(" suffix=")" suffixOverrides=",">
      <if test="uid != null">
        uid,
      </if>
      <if test="uname != null">
        uname,
      </if>
      <if test="sex != null">
        sex,
      </if>
      <if test="address != null">
        address,
      </if>
      <if test="pwd != null">
        pwd,
      </if>
      <if test="utype != null">
        utype,
      </if>
      <if test="tel != null">
        tel,
      </if>
      <if test="age != null">
        age,
      </if>
      <if test="mbanswer != null">
        mbanswer,
      </if>
      <if test="question != null">
        question,
      </if>
      <if test="email != null">
        email,
      </if>
      <if test="pubtime != null">
        pubtime,
      </if>
      <if test="tname != null">
        tname,
      </if>
      <if test="isdel != null">
        isdel,
      </if>
    </trim>
    <trim prefix="values (" suffix=")" suffixOverrides=",">
      <if test="uid != null">
        #{uid,jdbcType=INTEGER},
      </if>
      <if test="uname != null">
        #{uname,jdbcType=VARCHAR},
      </if>
      <if test="sex != null">
        #{sex,jdbcType=VARCHAR},
      </if>
      <if test="address != null">
        #{address,jdbcType=VARCHAR},
      </if>
      <if test="pwd != null">
        #{pwd,jdbcType=VARCHAR},
      </if>
      <if test="utype != null">
        #{utype,jdbcType=VARCHAR},
      </if>
      <if test="tel != null">
        #{tel,jdbcType=VARCHAR},
      </if>
      <if test="age != null">
        #{age,jdbcType=VARCHAR},
      </if>
      <if test="mbanswer != null">
        #{mbanswer,jdbcType=VARCHAR},
      </if>
      <if test="question != null">
        #{question,jdbcType=VARCHAR},
      </if>
      <if test="email != null">
        #{email,jdbcType=VARCHAR},
      </if>
      <if test="pubtime != null">
        #{pubtime,jdbcType=VARCHAR},
      </if>
      <if test="tname != null">
        #{tname,jdbcType=VARCHAR},
      </if>
      <if test="isdel != null">
        #{isdel,jdbcType=VARCHAR},
      </if>
    </trim>
  </insert>
  <update id="updateByPrimaryKeySelective" parameterType="com.entity.Sysuser">
    update sysuser
    <set>
      <if test="uname != null">
        uname = #{uname,jdbcType=VARCHAR},
      </if>
      <if test="sex != null">
        sex = #{sex,jdbcType=VARCHAR},
      </if>
      <if test="address != null">
        address = #{address,jdbcType=VARCHAR},
      </if>
      <if test="pwd != null">
        pwd = #{pwd,jdbcType=VARCHAR},
      </if>
      <if test="utype != null">
        utype = #{utype,jdbcType=VARCHAR},
      </if>
      <if test="tel != null">
        tel = #{tel,jdbcType=VARCHAR},
      </if>
      <if test="age != null">
        age = #{age,jdbcType=VARCHAR},
      </if>
      <if test="mbanswer != null">
        mbanswer = #{mbanswer,jdbcType=VARCHAR},
      </if>
      <if test="question != null">
        question = #{question,jdbcType=VARCHAR},
      </if>
      <if test="email != null">
        email = #{email,jdbcType=VARCHAR},
      </if>
      <if test="pubtime != null">
        pubtime = #{pubtime,jdbcType=VARCHAR},
      </if>
      <if test="tname != null">
        tname = #{tname,jdbcType=VARCHAR},
      </if>
      <if test="isdel != null">
        isdel = #{isdel,jdbcType=VARCHAR},
      </if>
    </set>
    where uid = #{uid,jdbcType=INTEGER}
  </update>
  <update id="updateByPrimaryKey" parameterType="com.entity.Sysuser">
    update sysuser
    set uname = #{uname,jdbcType=VARCHAR},
      sex = #{sex,jdbcType=VARCHAR},
      address = #{address,jdbcType=VARCHAR},
      pwd = #{pwd,jdbcType=VARCHAR},
      utype = #{utype,jdbcType=VARCHAR},
      tel = #{tel,jdbcType=VARCHAR},
      age = #{age,jdbcType=VARCHAR},
      mbanswer = #{mbanswer,jdbcType=VARCHAR},
      question = #{question,jdbcType=VARCHAR},
      email = #{email,jdbcType=VARCHAR},
      pubtime = #{pubtime,jdbcType=VARCHAR},
      tname = #{tname,jdbcType=VARCHAR},
      isdel = #{isdel,jdbcType=VARCHAR}
    where uid = #{uid,jdbcType=INTEGER}
  </update>
  <select id="adminLogin" parameterType="java.util.Map" resultMap="BaseResultMap">
    select 
    <include refid="Base_Column_List" />
    from sysuser
    where utype like  concat('%',#{utype,jdbcType=VARCHAR},'%') and isdel="1"  and uname = #{uname,jdbcType=VARCHAR} and pwd=#{pwd,jdbcType=VARCHAR} 
  </select>
  <select id="checkUname" parameterType="java.util.Map" resultMap="BaseResultMap">
    select 
    <include refid="Base_Column_List" />
    from sysuser
    where uname = #{uname,jdbcType=VARCHAR} and isdel="1"
  </select>
 <select id="getCount" parameterType="java.util.Map" resultType="int">
    select  count(*) from sysuser  where isdel="1"
    <if test="utype!=null">
    and utype =#{utype}
    </if>
  </select> 
  <select id="getAll" parameterType="java.util.Map" resultMap="BaseResultMap">
    select  * from sysuser  where isdel="1"
    <if test="utype!=null">
    and utype =#{utype}
    </if>
  </select> 
   <select id="getByPage" parameterType="java.util.Map" resultMap="BaseResultMap">
     select *from sysuser where isdel="1" 
     <if test="uname!=null">
    and uname like  concat('%',#{uname,jdbcType=VARCHAR},'%')
     </if>
     <if test="utype!=null">
    and utype =#{utype}
     </if>
     <if test="pageno!=null and pageSize!=null">
     limit #{pageno},#{pageSize}
     </if>
     </select>
</mapper>